,Ingredient
0,Almond
1,Bosc
2,Brie
3,Chardonnay
4,Cheese
5,Cocoa
6,Damson
7,Delicious
8,Dressing
9,Fruit
10,Gorgonzola
11,Ground
12,Gruyere
13,Honey
14,Kosher
15,Marsala
16,Oats
17,Ocean
18,Parmesan
19,Pineapple
20,Rice
21,Rosa
22,Tapioca
23,Vanilla
24,Worcestershire
25,acinus
26,adobo
27,agave
28,alfalfa
29,allspice
30,almond
31,amaretto
32,apple
33,applesauce
34,apricot
35,arugula
36,avocado
37,bacon
38,baguette
39,bamboo
40,banana
41,barbeque
42,basil
43,bay
44,bean
45,beef
46,beer
47,berry
48,beverage
49,biscuit
50,bitter
51,bittersweet
52,blackberry
53,blade
54,blossom
55,blueberry
56,bouillon
57,brandy
58,bread
59,broccoli
60,broth
61,buckwheat
62,butter
63,buttermilk
64,butternut
65,butterscotch
66,cabbage
67,cactus
68,canola
69,cantaloupe
70,caper
71,caramel
72,cardamom
73,carrot
74,cashew
75,castor
76,cayenne
77,celery
78,cereal
79,champagne
80,chard
81,cheese
82,cherry
83,chestnut
84,chevre
85,chicken
86,chickpea
87,chili
88,chip
89,chipotle
90,chive
91,chocolate
92,chuck
93,cider
94,cilantro
95,cinnamon
96,citrus
97,clam
98,clementine
99,clingstone
100,clove
101,cocktail
102,cocoa
103,coconut
104,cod
105,coffee
106,coleslaw
107,coloring
108,condiment
109,cookie
110,coriander
111,corn
112,couscous
113,crabmeat
114,cracker
115,cranberry
116,crisp
117,crust
118,cucumber
119,cumin
120,currant
121,curry
122,custard
123,dessert
124,dinosaur
125,dough
126,dressing
127,drumstick
128,duck
129,egg
130,eggplant
131,espresso
132,farina
133,fennel
134,fillet
135,fireweed
136,fish
137,flatbread
138,flavoring
139,floret
140,flounder
141,flour
142,fruit
143,fudge
144,garlic
145,garnish
146,gin
147,ginger
148,gingersnap
149,glaze
150,goat
151,grain
152,granule
153,grape
154,grapefruit
155,grenadine
156,ground
157,guacamole
158,guava
159,half-and-half
160,ham
161,hazelnut
162,hen
163,honey
164,honeydew
165,horseradish
166,iceberg
167,jalapeno
168,jam
169,jasmine
170,jelly
171,juice
172,kernel
173,ketchup
174,kiwi
175,kosher
176,lamb
177,leaf
178,lemon
179,lentil
180,limeade
181,liqueur
182,loaf
183,lobster
184,loin
185,macadamia
186,macaroon
187,mackerel
188,malt
189,mandarin
190,mango
191,maple
192,maraschino
193,margarine
194,marinara
195,marshmallow
196,mayonnaise
197,meal
198,meat
199,melissa
200,melon
201,mesquite
202,milk
203,mix
204,molasses
205,moon
206,mozzarella
207,muffin
208,mushroom
209,mustard
210,nectarine
211,noodle
212,nut
213,nutmeg
214,oat
215,oatmeal
216,olive
217,onion
218,orange
219,oregano
220,orzo
221,oyster
222,papaya
223,paprika
224,parsley
225,pasta
226,pastry
227,peach
228,peanut
229,pear
230,pecan
231,pekoe
232,penne
233,pepper
234,persimmon
235,pickle
236,pie
237,pine
238,pineapple
239,pinto
240,pistachio
241,pit
242,pith
243,pizza
244,plain
245,plum
246,pod
247,pomegranate
248,popcorn
249,poppy
250,pork
251,potato
252,pretzel
253,prosciutto
254,prune
255,pudding
256,pulp
257,pumpkin
258,puree
259,raisin
260,raspberry
261,rhubarb
262,rice
263,ricotta
264,rind
265,roast
266,romaine
267,root
268,rosemary
269,rum
270,rye
271,safflower
272,saffron
273,salad
274,salmon
275,salsa
276,saltine
277,sandwich
278,sashimi
279,sauce
280,sausage
281,scallion
282,schnapps
283,sea
284,seafood
285,seasoning
286,seaweed
287,seed
288,semolina
289,sesame
290,shallot
291,sheet
292,sherry
293,shoot
294,shortbread
295,shortening
296,simple
297,sirloin
298,skim
299,soup
300,sour
301,soy
302,spearmint
303,spinach
304,sprig
305,sprout
306,squash
307,steak
308,stevia
309,strawberry
310,strip
311,suet
312,sugar
313,sunflower
314,sushi
315,sweetener
316,syrup
317,tahini
318,tail
319,tapioca
320,tarragon
321,tea
322,tequila
323,teriyaki
324,thyme
325,tidbit
326,tilapia
327,tomatillo
328,tomato
329,tonic
330,topping
331,tortilla
332,tuna
333,turkey
334,turmeric
335,vanilla
336,vegetable
337,vinaigrette
338,vinegar
339,vodka
340,walnut
341,wasabi
342,watermelon
343,wheat
344,whiskey
345,wine
346,wing
347,yogurt
348,yolk
349,young
350,zucchini
